text,sentiment
I absolutely loved this product,positive
I hated this product,negative
This movie was fantastic and inspiring,positive
This movie was terrible and boring,negative
The service was excellent and fast,positive
The service was very slow,negative
I am very happy with the results,positive
I am disappointed with the results,negative
"Amazing experience, highly recommend",positive
"Awful experience, not recommended",negative
The quality is outstanding,positive
The quality is very poor,negative
Superb performance by the team,positive
Worst performance ever,negative
This is the best purchase I have made,positive
This is the worst purchase I have made,negative
Wonderful customer support,positive
Terrible customer support,negative
I enjoyed every moment of it,positive
I regret buying this,negative
I absolutely loved this product,positive
I hated this product,negative
This movie was fantastic and inspiring,positive
This movie was terrible and boring,negative
The service was excellent and fast,positive
The service was very slow,negative
I am very happy with the results,positive
I am disappointed with the results,negative
"Amazing experience, highly recommend",positive
"Awful experience, not recommended",negative
The quality is outstanding,positive
The quality is very poor,negative
Superb performance by the team,positive
Worst performance ever,negative
This is the best purchase I have made,positive
This is the worst purchase I have made,negative
Wonderful customer support,positive
Terrible customer support,negative
I enjoyed every moment of it,positive
I regret buying this,negative
I absolutely loved this product,positive
I hated this product,negative
This movie was fantastic and inspiring,positive
This movie was terrible and boring,negative
The service was excellent and fast,positive
The service was very slow,negative
I am very happy with the results,positive
I am disappointed with the results,negative
"Amazing experience, highly recommend",positive
"Awful experience, not recommended",negative
The quality is outstanding,positive
The quality is very poor,negative
Superb performance by the team,positive
Worst performance ever,negative
This is the best purchase I have made,positive
This is the worst purchase I have made,negative
Wonderful customer support,positive
Terrible customer support,negative
I enjoyed every moment of it,positive
I regret buying this,negative
I absolutely loved this product,positive
I hated this product,negative
This movie was fantastic and inspiring,positive
This movie was terrible and boring,negative
The service was excellent and fast,positive
The service was very slow,negative
I am very happy with the results,positive
I am disappointed with the results,negative
"Amazing experience, highly recommend",positive
"Awful experience, not recommended",negative
The quality is outstanding,positive
The quality is very poor,negative
Superb performance by the team,positive
Worst performance ever,negative
This is the best purchase I have made,positive
This is the worst purchase I have made,negative
Wonderful customer support,positive
Terrible customer support,negative
I enjoyed every moment of it,positive
I regret buying this,negative
I absolutely loved this product,positive
I hated this product,negative
This movie was fantastic and inspiring,positive
This movie was terrible and boring,negative
The service was excellent and fast,positive
The service was very slow,negative
I am very happy with the results,positive
I am disappointed with the results,negative
"Amazing experience, highly recommend",positive
"Awful experience, not recommended",negative
The quality is outstanding,positive
The quality is very poor,negative
Superb performance by the team,positive
Worst performance ever,negative
This is the best purchase I have made,positive
This is the worst purchase I have made,negative
Wonderful customer support,positive
Terrible customer support,negative
I enjoyed every moment of it,positive
I regret buying this,negative
I absolutely loved this product,positive
I hated this product,negative
This movie was fantastic and inspiring,positive
This movie was terrible and boring,negative
The service was excellent and fast,positive
The service was very slow,negative
I am very happy with the results,positive
I am disappointed with the results,negative
"Amazing experience, highly recommend",positive
"Awful experience, not recommended",negative
The quality is outstanding,positive
The quality is very poor,negative
Superb performance by the team,positive
Worst performance ever,negative
This is the best purchase I have made,positive
This is the worst purchase I have made,negative
Wonderful customer support,positive
Terrible customer support,negative
I enjoyed every moment of it,positive
I regret buying this,negative
I absolutely loved this product,positive
I hated this product,negative
This movie was fantastic and inspiring,positive
This movie was terrible and boring,negative
The service was excellent and fast,positive
The service was very slow,negative
I am very happy with the results,positive
I am disappointed with the results,negative
"Amazing experience, highly recommend",positive
"Awful experience, not recommended",negative
The quality is outstanding,positive
The quality is very poor,negative
Superb performance by the team,positive
Worst performance ever,negative
This is the best purchase I have made,positive
This is the worst purchase I have made,negative
Wonderful customer support,positive
Terrible customer support,negative
I enjoyed every moment of it,positive
I regret buying this,negative
I absolutely loved this product,positive
I hated this product,negative
This movie was fantastic and inspiring,positive
This movie was terrible and boring,negative
The service was excellent and fast,positive
The service was very slow,negative
I am very happy with the results,positive
I am disappointed with the results,negative
"Amazing experience, highly recommend",positive
"Awful experience, not recommended",negative
The quality is outstanding,positive
The quality is very poor,negative
Superb performance by the team,positive
Worst performance ever,negative
This is the best purchase I have made,positive
This is the worst purchase I have made,negative
Wonderful customer support,positive
Terrible customer support,negative
I enjoyed every moment of it,positive
I regret buying this,negative
I absolutely loved this product,positive
I hated this product,negative
This movie was fantastic and inspiring,positive
This movie was terrible and boring,negative
The service was excellent and fast,positive
The service was very slow,negative
I am very happy with the results,positive
I am disappointed with the results,negative
"Amazing experience, highly recommend",positive
"Awful experience, not recommended",negative
The quality is outstanding,positive
The quality is very poor,negative
Superb performance by the team,positive
Worst performance ever,negative
This is the best purchase I have made,positive
This is the worst purchase I have made,negative
Wonderful customer support,positive
Terrible customer support,negative
I enjoyed every moment of it,positive
I regret buying this,negative
I absolutely loved this product,positive
I hated this product,negative
This movie was fantastic and inspiring,positive
This movie was terrible and boring,negative
The service was excellent and fast,positive
The service was very slow,negative
I am very happy with the results,positive
I am disappointed with the results,negative
"Amazing experience, highly recommend",positive
"Awful experience, not recommended",negative
The quality is outstanding,positive
The quality is very poor,negative
Superb performance by the team,positive
Worst performance ever,negative
This is the best purchase I have made,positive
This is the worst purchase I have made,negative
Wonderful customer support,positive
Terrible customer support,negative
I enjoyed every moment of it,positive
I regret buying this,negative
